5.687801371375869053e-01,2.000000000000000000e+00,1.000000000000000000e+00,9.677142723775086219e-01,-1.073144197361697444e-01,1.520419567145248951e+00,0.000000000000000000e+00,9.048329391871365868e-01,2.838445209476232023e+00,1.680331806345521706e+00,2.746803940571715508e+00,-8.756197493686822542e-01,1.329671529352864923e+01,-6.058459339232285856e+00,5.402571517749027441e-02,-9.595126830201572421e-02,1.402951498565178645e-01
6.209764656852243547e-01,2.000000000000000000e+00,1.000000000000000000e+00,9.622504177330738484e-01,-1.116365331525705218e-01,1.654776494316443136e+00,0.000000000000000000e+00,9.120051948465616176e-01,2.734524330546439064e+00,1.814437575210136044e+00,2.631297179369564976e+00,-8.775773797158373801e-01,1.297984161678932225e+01,-6.754852469065653509e+00,1.293777260855925697e-02,-9.287021638279727154e-02,1.435977200898261863e-01
6.456098043369138395e-01,2.000000000000000000e+00,1.000000000000000000e+00,9.597749902817659384e-01,-1.129653628684078454e-01,1.713615992528922938e+00,0.000000000000000000e+00,9.154899503584104092e-01,2.682272260542915010e+00,1.871802079157777188e+00,2.574377832795627263e+00,-8.786643582082979131e-01,1.282171076429487755e+01,-7.070345728735802027e+00,1.268753552836233284e-02,-9.176608668939062463e-02,1.450583747210225649e-01
6.709129975475747187e-01,2.000000000000000000e+00,1.000000000000000000e+00,9.572828199973569818e-01,-1.140302595286644682e-01,1.771461448757096102e+00,-1.510168327780134072e-17,9.189563542372827243e-01,2.629061674665797543e+00,1.927688339700722064e+00,2.516755573871047869e+00,-8.797011302387561793e-01,1.265675648980878520e+01,-7.384829724851471155e+00,1.252186666187261183e-02,-9.068495119184724618e-02,1.465068258011635594e-01
6.966058884676655794e-01,2.000000000000000000e+00,1.000000000000000000e+00,9.548372227533123979e-01,-1.147589721845616861e-01,1.827156337626364868e+00,-1.504523222249926338e-17,9.224043605695257941e-01,2.574837173728547590e+00,1.980862640868492619e+00,2.458550376004954074e+00,-8.807460179017508883e-01,1.248652549229846898e+01,-7.693222469040748024e+00,1.232736258286618383e-02,-8.958798845247586962e-02,1.479029549994500536e-01
7.226258411258374981e-01,2.000000000000000000e+00,1.000000000000000000e+00,9.524528054898601104e-01,-1.151616574280952543e-01,1.880560743477075913e+00,-2.997949647227268472e-17,9.258186054358643613e-01,2.519787555672909463e+00,2.031241036241359321e+00,2.399978726639099502e+00,-8.817985281220989124e-01,1.231165922419509684e+01,-7.994671978935556922e+00,1.210481600548051970e-02,-8.848016908890951604e-02,1.492442636286757940e-01
7.489836294339653477e-01,2.000000000000000000e+00,1.000000000000000000e+00,9.501430777560221363e-01,-1.152519494974289238e-01,1.931552282254478392e+00,0.000000000000000000e+00,9.291840717907451364e-01,2.464115443998077915e+00,2.078761723209423096e+00,2.341262231906479752e+00,-8.828578137731311060e-01,1.213290501440986446e+01,-8.288769213480186693e+00,1.185527566588007696e-02,-8.736652695827074044e-02,1.505287102094780283e-01
7.757933969590808942e-01,2.000000000000000000e+00,1.000000000000000000e+00,9.479202828971455830e-01,-1.150465883083547219e-01,1.980027157959688866e+00,-2.976512635301493928e-17,9.324864032642522504e-01,2.408033847374688285e+00,2.123384481562868409e+00,2.282624125829316508e+00,-8.839227751799918487e-01,1.195084081763580031e+01,-8.574365399076519623e+00,1.158017608456533842e-02,-8.625212267397026900e-02,1.517547181313763094e-01
8.029216215773686827e-01,2.000000000000000000e+00,1.000000000000000000e+00,9.457950888952743052e-01,-1.145652347749766264e-01,2.025903988100508535e+00,1.483125814641138944e-17,9.357121068769450600e-01,2.351763905798828880e+00,2.165093273039091049e+00,2.224286752345701057e+00,-8.849919153040645137e-01,1.176626805781384633e+01,-8.850918033168056809e+00,1.128106057748510214e-02,-8.514197023293798572e-02,1.529211882098176489e-01
8.303669365803008073e-01,2.000000000000000000e+00,1.000000000000000000e+00,-1.135954170595879775e-01,9.457242276518714741e-01,2.029797652261366991e+00,9.369153525455857778e-01,2.962442182233155374e-17,2.330375479181942655e+00,2.203892550188202293e+00,2.166468557427771557e+00,-8.860635481613550191e-01,-1.044554690609798797e+01,1.039846049364970071e+01,1.095970395814765269e-02,-8.404094195303343784e-02,1.540274678688290377e-01
8.580149827432298482e-01,2.000000000000000000e+00,1.000000000000000000e+00,-1.120611476881330643e-01,9.486234488166377377e-01,1.972655869453906252e+00,9.351820281108754740e-01,-1.483966478253269264e-17,2.361116254829292327e+00,2.239810244713186904e+00,2.109381714102002814e+00,-8.871356007778765651e-01,-1.066385232905335556e+01,1.019682206577364525e+01,1.061823187115818953e-02,-8.295373293292729322e-02,1.550733820129427953e-01
8.860192738821253133e-01,2.000000000000000000e+00,1.000000000000000000e+00,-1.103672436502978471e-01,9.513914088473646169e-01,1.916866177447652975e+00,9.335860253939607389e-01,1.486503378406742576e-17,2.389022423866733469e+00,2.272895409610517614e+00,2.053229295756394013e+00,-8.882057239797718218e-01,-1.087045416409102927e+01,9.999170087576025878e+00,1.025883772508414879e-02,-8.188479463211821574e-02,1.560591759313665894e-01
9.143557979696305127e-01,2.000000000000000000e+00,1.000000000000000000e+00,-1.085419193141532457e-01,9.540239375607533212e-01,1.862578598641922767e+00,9.321268987679844908e-01,-4.466490933634812535e-17,2.414212037020956991e+00,2.303216073665300012e+00,1.998202820993299378e+00,-8.892713742689263290e-01,-1.106548896820744687e+01,9.806036511172003145e+00,9.883923241239479102e-03,-8.083825213217796235e-02,1.569855087511503877e-01
9.423170406427642254e-01,2.000000000000000000e+00,1.000000000000000000e+00,-1.066126491455058750e-01,9.565183937000727443e-01,1.809927015785873561e+00,9.308025498198463366e-01,0.000000000000000000e+00,2.436815893733025984e+00,2.330859224416321318e+00,1.944480079192067778e+00,-8.903297598056112427e-01,-1.124879658947087080e+01,9.618373042552022412e+00,9.496074901062785331e-03,-7.981789880769910028e-02,1.578534184885663494e-01
9.492908762596681260e-01,2.000000000000000000e+00,1.000000000000000000e+00,-1.046057729617012738e-01,9.588735956933230886e-01,1.759028263878067877e+00,9.296093865860992622e-01,0.000000000000000000e+00,2.456975452064014576e+00,2.355928886250850063e+00,1.892223001682383554e+00,-8.913778951060774558e-01,-1.140238534610911358e+01,9.446371104055010903e+00,9.097977166573071456e-03,-7.882712765055989446e-02,1.586642985626715574e-01
9.557311541424780010e-01,2.000000000000000000e+00,1.000000000000000000e+00,-1.025460502628486176e-01,9.610897132654979691e-01,1.709982074379496897e+00,9.285426794033970754e-01,0.000000000000000000e+00,2.474837750249591739e+00,2.378541103766010245e+00,1.841576173405606642e+00,-8.924128175025880516e-01,-1.154471475925286938e+01,9.280727214509020939e+00,8.692131024507363662e-03,-7.786891462313853818e-02,1.594197953165786275e-01
9.622059689076173372e-01,2.000000000000000000e+00,1.000000000000000000e+00,-1.004566572884103559e-01,9.631681129643300254e-01,1.662870960119147368e+00,9.275964489475766461e-01,0.000000000000000000e+00,2.490558419309441440e+00,2.398826452953699562e+00,1.792666371249902246e+00,-8.934313213252509378e-01,-1.167667409353407493e+01,9.121566079098151647e+00,8.281468545374523482e-03,-7.694577773550345667e-02,1.601218679993232086e-01
9.685381537594039969e-01,2.000000000000000000e+00,1.000000000000000000e+00,-9.835867991856324377e-02,9.651112893811789606e-01,1.617759344740963057e+00,9.267639696153316953e-01,-2.994891528546293542e-17,2.504294485903344025e+00,2.416922880280351738e+00,1.745600171975222104e+00,-8.944303696674724691e-01,-1.179861492976886694e+01,8.969171665497654544e+00,7.868454483553836282e-03,-7.605980390457796336e-02,1.607726527970454455e-01
9.747810237791346699e-01,2.000000000000000000e+00,1.000000000000000000e+00,-9.627114779277058665e-02,9.669226688786810575e-01,1.574694587830231862e+00,9.260378130971393951e-01,0.000000000000000000e+00,2.516204979410836096e+00,2.432975634137752419e+00,1.700464673859975351e+00,-8.954069537224632613e-01,-1.191087424210791568e+01,8.823814488468755712e+00,7.455854469852312046e-03,-7.521261685660003693e-02,1.613744675958999342e-01
9.808730056820386123e-01,2.000000000000000000e+00,1.000000000000000000e+00,-9.421089270123997328e-02,9.686064898907016385e-01,1.533706844913829137e+00,9.254100681875382373e-01,-2.999273140607773520e-17,2.526448589508258014e+00,2.447134500172907678e+00,1.657326732912762335e+00,-8.963581978566462771e-01,-1.201408519308950673e+01,8.685586504868474833e+00,7.046037291422274987e-03,-7.440539230550285987e-02,1.619297544518584486e-01
9.868357948534176582e-01,2.000000000000000000e+00,1.000000000000000000e+00,-9.219249234711913987e-02,9.701676325447013971e-01,1.494810417075402631e+00,9.248726247223777452e-01,-1.500508009087218884e-17,2.535180274450273608e+00,2.459549844937447993e+00,1.616233821953704020e+00,-8.972814847323132836e-01,-1.210861713476560197e+01,8.554385166484749448e+00,6.641255126575806682e-03,-7.363889331061686250e-02,1.624410059363447234e-01
9.954596993522208948e-01,2.000000000000000000e+00,1.000000000000000000e+00,-8.927003772137430404e-02,9.722911943206054008e-01,1.440381026932883834e+00,9.242175898048551330e-01,0.000000000000000000e+00,2.545775120515508583e+00,2.475234732397707305e+00,1.558486922151107734e+00,-8.986086242034739824e-01,-1.223563685654743693e+01,8.371093495669725826e+00,6.048531436036380833e-03,-7.256612554929800507e-02,1.631309802281549204e-01
1.003582713628933698e+00,2.000000000000000000e+00,1.000000000000000000e+00,-8.650215985224136983e-02,9.741705816306691634e-01,1.390588272419043037e+00,9.237196240507997702e-01,-3.004761931321976641e-17,2.553795050886244145e+00,2.487832010087376755e+00,1.505422463929994237e+00,-8.998604834252307283e-01,-1.234602967493496806e+01,8.203867408152852647e+00,5.478551628556566945e-03,-7.158529037899480363e-02,1.637363420716443918e-01
1.011233811815625216e+00,2.000000000000000000e+00,1.000000000000000000e+00,-8.391178284088680883e-02,9.758264130747722476e-01,1.345306644038004151e+00,9.233526593592149556e-01,-1.502978051467931268e-17,2.559686321531218223e+00,2.497809521736366278e+00,1.456980310179227356e+00,-9.010319135855546779e-01,-1.244167883322705137e+01,8.052101775583352605e+00,4.936362834961479859e-03,-7.069439585877014542e-02,1.642655746172831388e-01
1.018397524822504341e+00,2.000000000000000000e+00,1.000000000000000000e+00,-8.151299778170152666e-02,9.772795327608453375e-01,1.304357586270545211e+00,9.230925860947520878e-01,1.503401502391651764e-17,2.563851941442818472e+00,2.505600027401224228e+00,1.413030075118226092e+00,-9.021194912336797378e-01,-1.252424522635003967e+01,7.915268548592024445e+00,4.426027932694334872e-03,-6.989009880988611423e-02,1.647268176906333814e-01
1.027065645815282480e+00,2.000000000000000000e+00,1.000000000000000000e+00,-7.862299065321236291e-02,9.789368789914169033e-01,1.256114154247822245e+00,9.228753285700159736e-01,-4.511266271247467677e-17,2.567325698221011976e+00,2.513249806370937645e+00,1.361087587197888915e+00,-9.034366938485099974e-01,-1.261652458133315236e+01,7.754579526731234296e+00,3.799815789376040885e-03,-6.894477729837977797e-02,1.652492160760780093e-01
1.026962259184900139e+00,2.000000000000000000e+00,1.000000000000000000e+00,-7.608331210373571463e-02,9.803159476193975541e-01,1.214577612220406166e+00,9.227669519831339651e-01,0.000000000000000000e+00,2.569056483335263152e+00,2.518487040948565792e+00,1.316234407409299756e+00,-9.046031589652092642e-01,-1.269158157917840413e+01,7.616600576081843599e+00,3.238303236088494342e-03,-6.813335060681545430e-02,1.656808907199258107e-01
1.009066021856625195e+00,2.000000000000000000e+00,1.000000000000000000e+00,-7.337717261846160577e-02,9.817119173125525844e-01,1.171086901510866696e+00,9.227329595077060631e-01,-2.255981158712239204e-17,2.569599064602622995e+00,2.522606024435582572e+00,1.269150396595415398e+00,-9.058579428457961269e-01,-1.276596949590762620e+01,7.472764564981261515e+00,2.627549681996128265e-03,-6.728673521894613929e-02,1.661150136774902641e-01
9.913259238485213620e-01,2.000000000000000000e+00,1.000000000000000000e+00,-7.075047903180078923e-02,9.829993892711855752e-01,1.129534228673175544e+00,9.227777265800046758e-01,-1.503914475617900079e-17,2.568884473228177701e+00,2.525211868291529882e+00,1.224058834687580477e+00,-9.070899416611977184e-01,-1.283272718911408106e+01,7.335961736724208038e+00,2.021748854578303382e-03,-6.648118853821247121e-02,1.665128209262189407e-01
9.733282388021122777e-01,2.000000000000000000e+00,1.000000000000000000e+00,-6.813067783760423657e-02,9.842214871646152163e-01,1.088654111804760793e+00,9.228966475514811529e-01,0.000000000000000000e+00,2.566985070624787202e+00,2.526481863739693079e+00,1.179605662988426173e+00,-9.083347109523565166e-01,-1.289399404540407090e+01,7.202012736553164984e+00,1.403888128224069437e-03,-6.569235565066564031e-02,1.668881066193348417e-01
9.346808035105301782e-01,2.000000000000000000e+00,1.000000000000000000e+00,-6.255532781969734557e-02,9.866365912733456867e-01,1.002997013884620481e+00,9.233642545679449087e-01,-2.254438766579945468e-17,2.559500414674563462e+00,2.525296764497226398e+00,1.086241977554065929e+00,-9.110249606305711456e-01,-1.301087951384474195e+01,6.922951755865604184e+00,1.987502972588847325e-02,-6.404982796357243380e-02,1.676316577411975650e-01
9.056130153410778538e-01,2.000000000000000000e+00,1.000000000000000000e+00,-5.860349101663128030e-02,9.882003349459160813e-01,9.434152815628706890e-01,9.239091212450862844e-01,-7.510364108708199321e-18,2.550746606868336208e+00,2.520648651269447704e+00,1.021112639619248474e+00,-9.130073030739812578e-01,-1.307929102597717730e+01,6.731540709709214809e+00,1.944983014722247855e-02,-6.292225081330461711e-02,1.681020855457673879e-01
8.755904699374089661e-01,2.000000000000000000e+00,1.000000000000000000e+00,-5.466333134311499725e-02,9.896490986151360580e-01,8.845986363373142813e-01,9.246134237976282311e-01,-1.500928653059650367e-17,2.539378896355279469e+00,2.513094035820301553e+00,9.567226838477396189e-01,-9.150428414287776757e-01,-1.314741003452613199e+01,6.539229417491817742e+00,1.901658338874086945e-02,-6.182176835206288495e-02,1.685340988780217319e-01
8.446568549856160457e-01,2.000000000000000000e+00,1.000000000000000000e+00,-5.074979409109823397e-02,9.909853318051894400e-01,8.265733965305126496e-01,9.254730553835419649e-01,-1.499534505849347860e-17,2.525422945955358767e+00,2.502657096046009499e+00,8.931361012860145054e-01,-9.171302228660217493e-01,-1.323787016666693006e+01,6.334991575166164068e+00,1.857725899642476836e-02,-6.074967775038073170e-02,1.689290948349395083e-01
8.129028372736144537e-01,2.000000000000000000e+00,1.000000000000000000e+00,-4.687673743885488464e-02,9.922119114942866691e-01,7.693603165673061905e-01,9.264838118297253899e-01,-1.497898574224090185e-17,2.508897468499413197e+00,2.489357952962978793e+00,8.304088066556567505e-01,-9.192682739040848316e-01,-1.332101906575716299e+01,6.134121149217570235e+00,1.813242918366441206e-02,-5.970737371159181434e-02,1.692885936226223020e-01
7.803336967079222974e-01,2.000000000000000000e+00,1.000000000000000000e+00,-4.305748136692681693e-02,9.933319640062445721e-01,7.129800552558226423e-01,9.276408326024897510e-01,-7.480151433653705080e-18,2.489823605430355080e+00,2.473221372011243258e+00,7.685949455842324696e-01,-9.214552901414191366e-01,-1.271281180677268452e+01,5.540700585474212403e+00,1.768314519443928146e-02,-5.869605410319851668e-02,1.696140868194987439e-01
7.469146295002188074e-01,2.000000000000000000e+00,1.000000000000000000e+00,-3.930448619738109717e-02,9.943489047108275969e-01,6.574500594514958163e-01,9.289388864083500952e-01,-7.469699035569252997e-18,2.468220639501837343e+00,2.454272489473309893e+00,7.077430701533671265e-01,-9.236893642434388374e-01,-1.346619457882594872e+01,5.743637557903966240e+00,1.722976068791433682e-02,-5.771684083009925859e-02,1.699071291734655931e-01
1.325086089150906143e-01,2.000000000000000000e+00,1.000000000000000000e+00,-8.961790164408166282e-02,9.798321542764031333e-01,1.190659595928515335e+00,8.937888521735539715e-01,1.552691977984046118e-17,2.989920011789843013e+00,2.929619766266169822e+00,1.332148631114628889e+00,-8.757630564934469897e-01,-1.259637890642263613e+01,6.089695486077431497e+00,4.336049732388979998e-03,-5.771684083009925859e-02,1.699071291734655931e-01
1.311167115201682387e-01,2.000000000000000000e+00,1.000000000000000000e+00,-8.706525786396983324e-02,9.811944557336529371e-01,1.148469143601769327e+00,8.924914921137697688e-01,0.000000000000000000e+00,3.007094843898614034e+00,2.950544788698574283e+00,1.286812427625213306e+00,-8.757077038514863299e-01,-1.283494811300546701e+01,5.947942095472477320e+00,4.103559983402367897e-03,-5.659306825909082850e-02,1.704084916038821063e-01
1.298976165251890802e-01,2.000000000000000000e+00,1.000000000000000000e+00,-8.458121856978527420e-02,9.824467168371390224e-01,1.108441669716277111e+00,8.913005240028150089e-01,-1.557026775378696936e-17,3.022753534351731997e+00,2.969694285631716113e+00,1.243622818416267428e+00,-8.756552735217871808e-01,-1.275106770580551085e+01,5.725288075565337920e+00,3.878858152055267468e-03,-5.552216058934295040e-02,1.708663286897297573e-01
1.287086398229442541e-01,2.000000000000000000e+00,1.000000000000000000e+00,-8.217468411480095825e-02,9.835962032905373187e-01,1.070531128055868253e+00,8.902084974779612692e-01,7.794683968492463198e-18,3.037022160077428090e+00,2.987203465961383753e+00,1.202562243664014652e+00,-8.756056982562965274e-01,-1.281687639070251805e+01,5.556659811785756631e+00,3.661095325565646118e-03,-5.450419954214971718e-02,1.712844608566249371e-01
1.276387751746957400e-01,2.000000000000000000e+00,1.000000000000000000e+00,-7.985281502415932098e-02,9.846499680196078019e-01,1.034686606588419044e+00,8.892082500747033880e-01,-1.560690401449667894e-17,3.050017763147425676e+00,3.003199892942348015e+00,1.163604371081232491e+00,-8.755588749988282293e-01,-1.289601111483118245e+01,5.404632364719333282e+00,3.450845754947182153e-03,-5.353847262143655861e-02,1.716659915180934748e-01
1.266427571412696018e-01,2.000000000000000000e+00,1.000000000000000000e+00,-7.762090367229136645e-02,9.856149273590656401e-01,1.000848757140782475e+00,8.882928553943547634e-01,0.000000000000000000e+00,3.061849862458561056e+00,3.017804929771460642e+00,1.126710353531391373e+00,-8.755146981430839137e-01,-1.278629875238090818e+01,5.052415770776605086e+00,3.248400426384189920e-03,-5.262403248590874494e-02,1.720139210001903618e-01
1.255013025689826756e-01,2.000000000000000000e+00,1.000000000000000000e+00,-7.496299222258430428e-02,9.867063826454063324e-01,9.612737902007040258e-01,8.872580120317442587e-01,-5.474423072959840712e-17,3.075156509733211863e+00,3.034276555787330132e+00,1.083420805634056405e+00,-8.754631435249967675e-01,-1.284902828413088827e+01,4.880747651683897459e+00,3.006764805268658056e-03,-5.155120473367326428e-02,1.724057707531534422e-01
1.244914474324145953e-01,2.000000000000000000e+00,1.000000000000000000e+00,-7.245559225378392365e-02,9.876818499250461514e-01,9.245960194062380344e-01,8.863333625744391764e-01,7.828763078208581349e-18,3.086984651637241228e+00,3.048958711419295309e+00,1.043169600115989581e+00,-8.754153751978087650e-01,-1.290488192745836926e+01,4.721541965102282745e+00,2.778134060349738907e-03,-5.055380325067428127e-02,1.727545096156886950e-01
1.233548250313869221e-01,2.000000000000000000e+00,1.000000000000000000e+00,-6.964712110260350142e-02,9.887155561173288643e-01,8.842027825164308075e-01,8.853535240842527188e-01,0.000000000000000000e+00,3.099456134310552891e+00,3.064480495496123780e+00,9.987002462445582207e-01,-8.753628019253987258e-01,-1.296411593868180745e+01,4.546107456420557469e+00,2.521101028633188686e-03,-4.945202234686213449e-02,1.731225768384494490e-01
1.223550676294044709e-01,2.000000000000000000e+00,1.000000000000000000e+00,-6.705518508882020445e-02,9.896172522086007506e-01,8.475139142431113992e-01,8.844986507248934204e-01,-2.353500674609431820e-17,3.110284994914940260e+00,3.077991690253364165e+00,9.581856496316062399e-01,-8.753151243125838477e-01,-1.301579477233644155e+01,4.386788525420783458e+00,2.282838350903965315e-03,-4.844836045733808688e-02,1.734423817065776363e-01
1.213465041500329938e-01,2.000000000000000000e+00,1.000000000000000000e+00,-6.429730961370203057e-02,9.905243226541050605e-01,8.090439407670225735e-01,8.836382201749559684e-01,1.570528242323733121e-17,3.121135803560663557e+00,3.091560927733401964e+00,9.155827829706549847e-01,-8.752651495100771672e-01,-1.306797952947210462e+01,4.219784496816430419e+00,2.028148079084875384e-03,-4.739309188365794373e-02,1.737629380023454351e-01
1.204743839440173409e-01,2.000000000000000000e+00,1.000000000000000000e+00,-6.181292126080752819e-02,9.912973085033701670e-01,7.748493450465591126e-01,8.829044012378693962e-01,0.000000000000000000e+00,3.130351902651765439e+00,3.103109415767098866e+00,8.776140927151201421e-01,-8.752207566128795690e-01,-1.311246348990086830e+01,4.071133162521093141e+00,1.797551154990494711e-03,-4.645272377551774162e-02,1.740351987731469929e-01
1.196065254929583876e-01,2.000000000000000000e+00,1.000000000000000000e+00,-5.928693636641818587e-02,9.920421328090666124e-01,7.404943066154446862e-01,8.821965995780821634e-01,-7.865473418539374180e-18,3.139208390611090138e+00,3.114226987153942972e+00,8.393756073981605281e-01,-8.751761962023466568e-01,-1.315538941306326848e+01,3.921764553329111891e+00,1.561887213377750449e-03,-4.550577543647889994e-02,1.742967440122773770e-01
1.186764237485537221e-01,2.000000000000000000e+00,1.000000000000000000e+00,-5.655846214730531757e-02,9.928019025146597176e-01,7.038157183936344374e-01,8.814735683588528214e-01,-7.871925095639811157e-18,3.148222414031347505e+00,3.125561202189616861e+00,7.984535709947766513e-01,-8.751286356830552116e-01,-1.319934316428697940e+01,3.762330247585794041e+00,1.305896082446623713e-03,-4.449247945918172187e-02,1.745627418536078723e-01
1.177527246052148951e-01,2.000000000000000000e+00,1.000000000000000000e+00,-5.383875241726711336e-02,9.935146827195820984e-01,6.676647182118454760e-01,8.807940109386520611e-01,-1.575599701572113955e-17,3.156664275216282789e+00,3.136192305843743977e+00,7.580259514938374465e-01,-8.750817823190231159e-01,-1.324103603916780258e+01,3.605171090084553498e+00,1.049114816971899282e-03,-4.349154619030427132e-02,1.748115705789819729e-01
1.175950910410043099e-01,2.000000000000000000e+00,1.000000000000000000e+00,-5.324290291502265654e-02,9.936650622328846438e-01,6.597958400360183218e-01,8.806504402972085144e-01,-1.575856568371313482e-17,3.158444075485639768e+00,3.138435528826523768e+00,7.492142283075964304e-01,-8.750715745633430576e-01,-1.324972942219994110e+01,3.570887371881596550e+00,6.058160005619474958e-02,-4.327339506595671847e-02,1.748639833416070211e-01
1.123870868187440697e-01,2.000000000000000000e+00,1.000000000000000000e+00,-4.124192113330205772e-02,9.962776975624845210e-01,5.046386289362231325e-01,8.781231871091776942e-01,-7.901959549377564058e-18,3.189564012429842332e+00,3.177691490531762142e+00,5.746786286301318603e-01,-8.748545470293623838e-01,-1.340841047901210459e+01,2.899000781191105602e+00,5.985338235632090692e-02,-3.898646545188044765e-02,1.758256865521892753e-01
1.074259689082677494e-01,2.000000000000000000e+00,1.000000000000000000e+00,-2.893516128433774870e-02,9.981958257108153321e-01,3.507357330560295083e-01,8.762196830890746080e-01,0.000000000000000000e+00,3.212745914269748315e+00,3.206949560693539425e+00,4.002828740613607605e-01,-8.746388300651677383e-01,-1.353401286069532006e+01,2.231731282784252812e+00,5.913435403357035491e-02,-3.466817278437260563e-02,1.764919504910235637e-01
1.026113261056751103e-01,2.000000000000000000e+00,1.000000000000000000e+00,-1.645833796812034081e-02,9.994222648499573314e-01,1.982433558935754458e-01,8.749298675510009948e-01,-5.948100094579365002e-18,3.228331023005112765e+00,3.226465902697148724e+00,2.265819961644176816e-01,-8.744243898126945469e-01,-1.362809212429339567e+01,1.569569415761108644e+00,5.829513462890471842e-02,-3.036884226988848315e-02,1.769176557888499923e-01
9.799152207504889522e-02,2.000000000000000000e+00,1.000000000000000000e+00,-3.967374732175694280e-03,9.999666097739714488e-01,4.762785127517889933e-02,8.742410519284787851e-01,4.960655508426994175e-19,3.236614027192868726e+00,3.236505955918933086e+00,5.447908350919592607e-02,-8.742118608221512988e-01,-1.369210842698782216e+01,9.145541368009872940e-01,5.733502332662259587e-02,-2.611068494186935887e-02,1.771093418654030027e-01
9.351942997410414571e-02,2.000000000000000000e+00,1.000000000000000000e+00,8.389223904475764590e-03,9.998508130646878156e-01,-1.006583961642726344e-01,8.741321018036685153e-01,9.922547589760232350e-19,3.237921614563549433e+00,3.237438558961091672e+00,-1.151523848129772654e-01,-8.740016927143423597e-01,-1.372703247730331100e+01,2.685972158232985407e-01,5.625470668144925274e-02,-2.191524068541178538e-02,1.770761998690838779e-01
8.908964943605084119e-02,2.000000000000000000e+00,1.000000000000000000e+00,2.047349989391240854e-02,9.991082168570559752e-01,-2.461803142962924462e-01,8.745744776651567243e-01,1.983505716526260745e-18,3.232608049353189017e+00,3.229725263987031081e+00,-2.814858203426169880e-01,-8.737945468887259315e-01,-1.373465619648301583e+01,-3.664734402153300152e-01,5.505617823941726108e-02,-1.780295510237910397e-02,1.768298639959129392e-01
8.480307985807378213e-02,2.000000000000000000e+00,1.000000000000000000e+00,3.216038220465371883e-02,9.977822438511391168e-01,-3.885187638446726544e-01,8.755325303334923204e-01,7.925341050736501753e-18,3.221061166260669850e+00,3.213917638053338521e+00,-4.437513746024775996e-01,-8.735908126808175078e-01,-1.371621317260618866e+01,-9.891282499418849739e-01,5.374368679634500962e-02,-1.379278852248728114e-02,1.763840386519415770e-01
8.052531958545962321e-02,2.000000000000000000e+00,1.000000000000000000e+00,4.334017490144121548e-02,9.959247686721961479e-01,-5.272774679529643738e-01,8.769649886550727746e-01,7.912395584399355664e-18,3.203695148995632458e+00,3.190639350159711451e+00,-6.012525867898163012e-01,-8.733911534599184678e-01,-1.367347553632192358e+01,-1.597454830256481273e+00,5.232299154730585961e-02,-9.901932288901748452e-03,1.757543872105830074e-01
7.635130012939607413e-02,2.000000000000000000e+00,1.000000000000000000e+00,5.392012426175772644e-02,9.935942866651659156e-01,-6.620847111271356278e-01,8.788255576644070644e-01,-7.895644184891750530e-18,3.180954707811572746e+00,3.160578423822240968e+00,-7.533744385936061994e-01,-8.731960530706832646e-01,-1.360856712339003849e+01,-2.189964871439329386e+00,5.080203844013352066e-02,-6.145514591932563220e-03,1.749580430484854454e-01
7.217213083117028638e-02,2.000000000000000000e+00,1.000000000000000000e+00,6.382566907048362048e-02,9.908539111105151287e-01,-7.925994029408788277e-01,8.810642802687168595e-01,1.575116381245401636e-17,3.153310317284347519e+00,3.124469860826335044e+00,-8.995931632810526546e-01,-8.730059880440291797e-01,-1.352270198966644443e+01,-2.765200912448719350e+00,4.919045269450788432e-02,-2.536403089738400313e-03,1.740133466491351200e-01
7.432541806405588980e-02,2.000000000000000000e+00,1.000000000000000000e+00,7.300097094409258025e-02,9.877693268970367813e-01,-9.185160757703985102e-01,8.836287729347186426e-01,0.000000000000000000e+00,3.121254673947522651e+00,3.083079628359373991e+00,-1.039481854715766485e+00,-8.728213982685816275e-01,-1.366328552594197276e+00,-6.040696714226498898e-01,4.749958655554294834e-02,9.149471493956739393e-04,1.729393823457897883e-01
8.390115782727308735e-02,2.000000000000000000e+00,1.000000000000000000e+00,8.140883813253517454e-02,9.844067762875288174e-01,-1.039570421389013122e+00,8.864655603115962901e-01,7.827595582470432321e-18,3.085297107115529069e+00,3.037187379104835383e+00,-1.172713828863920948e+00,-8.726427045162565843e-01,-1.506165917626091755e+00,-7.411816340321735197e-01,4.574205978104539660e-02,4.200564274912077858e-03,1.717555948953769507e-01
9.281875326897046086e-02,2.000000000000000000e+00,1.000000000000000000e+00,8.902998165946245102e-02,9.808312117050760337e-01,-1.155543095227292927e+00,8.895212759175646910e-01,0.000000000000000000e+00,3.045958339906161605e+00,2.987571009333342076e+00,-1.299061783581645591e+00,-8.724702308956703289e-01,-1.625850470848504870e+00,-8.813579919454213041e-01,4.393162296740737993e-02,7.314954496212630261e-03,1.704813342744194993e-01
-1.000000000000000000e+00,1.000000000000000000e+00,1.323488980084844280e-23,3.017532547255933825e-02,-9.995446211813783233e-01,0.000000000000000000e+00,0.000000000000000000e+00,0.000000000000000000e+00,0.000000000000000000e+00,0.000000000000000000e+00,0.000000000000000000e+00,0.000000000000000000e+00,0.000000000000000000e+00,0.000000000000000000e+00,0.000000000000000000e+00,0.000000000000000000e+00,0.000000000000000000e+00
5.789302334390693527e-01,2.000000000000000000e+00,1.000000000000000000e+00,2.549569171235444406e-18,1.000000000000000000e+00,-8.854233266295077887e-37,5.209252625613947687e-20,0.000000000000000000e+00,6.666666666666666963e+00,6.666666666666666963e+00,-1.699712780823629758e-17,-5.209252625613947687e-20,-1.741656275647223140e+01,-0.000000000000000000e+00,2.206778789461192117e-02,-1.765323146258439974e-02,1.693629333864718478e-01
1.319950470315603308e+00,2.000000000000000000e+00,1.000000000000000000e+00,3.841219969543121090e-23,1.000000000000000000e+00,-8.326976738078962303e-45,3.251692224385700196e-23,0.000000000000000000e+00,6.666666666666666963e+00,6.666666666666666963e+00,-2.560813313028747550e-22,-3.251692224385700196e-23,-1.765659999999999030e+01,4.655999999999949068e-01,2.384192249253222831e-02,-1.434280016457503693e-02,1.694012565502190648e-01
9.880649568703941954e-01,2.000000000000000000e+00,1.000000000000000000e+00,8.866342190802765390e-24,1.000000000000000000e+00,-9.319898526597564276e-46,1.576732263322514374e-23,0.000000000000000000e+00,6.666666666666666963e+00,6.666666666666666963e+00,-5.910894793868511044e-23,-1.576732263322514374e-23,-1.626510000000005363e+01,4.862000000000037403e-01,2.347804486420738967e-02,-1.076651179069508350e-02,1.693999914831700038e-01
3.290346835882073662e-01,2.000000000000000000e+00,1.000000000000000000e+00,-1.791363014060150558e-23,1.000000000000000000e+00,1.111335566456334950e-46,9.305781891221561342e-25,0.000000000000000000e+00,6.666666666666666963e+00,6.666666666666666963e+00,1.194242009373433706e-22,-9.305781891221561342e-25,-1.278863822876672884e+01,9.693194022755591277e-02,2.310332805767956882e-02,-7.244805061063491064e-03,1.694000005713683366e-01
1.946203059509333533e-01,2.000000000000000000e+00,1.000000000000000000e+00,-8.841927755775219611e-02,9.806771601676531613e-01,1.163411437333658816e+00,8.920357588832558138e-01,-1.555743440732480520e-17,3.013098846876374193e+00,2.954877220459152909e+00,1.304220627646294650e+00,-8.747990947896286951e-01,-1.319304600852034781e+01,4.667438653024156281e+00,6.085647374667672860e-02,-7.244805061063491064e-03,1.694000005713683366e-01
1.953255302155684769e-01,2.000000000000000000e+00,1.000000000000000000e+00,-7.855617779437472359e-02,9.852977869341981165e-01,1.011427989262048133e+00,8.880185570284199192e-01,-7.813906420071756799e-18,3.065384096818776438e+00,3.020316166698825189e+00,1.138971681680384540e+00,-8.749627189966021623e-01,-1.295843080043025708e+01,4.063417116936236084e+00,6.137917926885000375e-02,-3.188215424163580013e-03,1.711317955162083293e-01
1.959262573301122634e-01,2.000000000000000000e+00,1.000000000000000000e+00,-6.780477649966407117e-02,9.893807245688425178e-01,8.570827559022597963e-01,8.845199261914032940e-01,-7.844813551894709671e-18,3.110016078346109047e+00,3.076989961014823027e+00,9.689807210932109838e-01,-8.751269654708297985e-01,-1.313295222413887586e+01,3.383028262298083177e+00,6.168207635108024361e-02,9.876536389257983481e-04,1.725914291918431709e-01
1.965853157201937207e-01,2.000000000000000000e+00,1.000000000000000000e+00,-5.631063676938392881e-02,9.928586406813055820e-01,7.011365950637713507e-01,8.815870553788555108e-01,-1.574182347975898528e-17,3.146809769263245737e+00,3.124337269993359811e+00,7.953118081599588329e-01,-8.752913254456855530e-01,-1.327462475327819647e+01,2.696531920732482490e+00,6.196804036593001053e-02,5.256606422233564557e-03,1.738212220880252512e-01
1.973499306033349998e-01,2.000000000000000000e+00,1.000000000000000000e+00,-4.419585832773324785e-02,9.956868688405386969e-01,5.438294391605920097e-01,8.792481035796551048e-01,-7.891849724391929351e-18,3.175760782703746621e+00,3.162063309916871123e+00,6.185164766878840092e-01,-8.754557911872086207e-01,-1.338349105825778196e+01,2.004820397957104205e+00,6.223708501211210053e-02,9.605086504735533409e-03,1.748142137649450478e-01
1.981730829497354018e-01,2.000000000000000000e+00,1.000000000000000000e+00,-3.158926775746097315e-02,9.978278350921450102e-01,3.853846377535827261e-01,8.775264817455652455e-01,-7.907332768014547902e-18,3.196854522358223427e+00,3.189910427149240224e+00,4.391715187751146221e-01,-8.756203495162041550e-01,-1.345982484517057287e+01,1.308726963996491577e+00,6.248773996050283747e-02,1.401889688055880240e-02,1.755639512002485914e-01
1.991985240039746696e-01,2.000000000000000000e+00,1.000000000000000000e+00,-1.862570001684581492e-02,9.992515755847630743e-01,2.260159276836724851e-01,8.764408428786742977e-01,0.000000000000000000e+00,3.210063681847511230e+00,3.207661191813550694e+00,2.578792733361467415e-01,-8.757848931533530612e-01,-1.350268775869185589e+01,6.091843294735141967e-01,6.271839099547762975e-02,1.848318358361303662e-02,1.760649381051763163e-01
2.004321811535114128e-01,2.000000000000000000e+00,1.000000000000000000e+00,-5.445170742428557913e-03,9.999362662575148608e-01,6.593381818698362817e-02,8.760052252866586953e-01,0.000000000000000000e+00,3.215344082299196327e+00,3.215139156387453845e+00,7.526646677867457336e-02,-8.759493941952146701e-01,-1.351261459423002975e+01,-9.302722281557862516e-02,6.292762472379173633e-02,2.298250976914169297e-02,1.763127458513774337e-01
2.019175005876640561e-01,2.000000000000000000e+00,1.000000000000000000e+00,7.808157404630488435e-03,9.998687224470573787e-01,-9.465036245368430023e-02,8.762288735870070733e-01,1.979760686126891955e-18,3.212634509712790187e+00,3.212212762915855890e+00,-1.080201364127791053e-01,-8.761138444046651097e-01,-1.348890380501025277e+01,-7.969864652796303517e-01,6.311403857517794425e-02,2.750093663692075932e-02,1.763040366295829664e-01
2.037025430063617581e-01,2.000000000000000000e+00,1.000000000000000000e+00,2.098707605385245062e-02,9.990447989967708997e-01,-2.555197088472784817e-01,8.771159622320181537e-01,0.000000000000000000e+00,3.201857716304367329e+00,3.198799298601556096e+00,-2.913180467005198615e-01,-8.762781401849457641e-01,-1.343100884074257806e+01,-1.502019799945074396e+00,6.327601363379101174e-02,3.202211018281524851e-02,1.760366293689394346e-01
2.058369275728075820e-01,2.000000000000000000e+00,1.000000000000000000e+00,3.394234324514874140e-02,9.974697129663007145e-01,-4.164446902026209263e-01,8.786655345852225629e-01,0.000000000000000000e+00,3.182918844443573647e+00,3.174865146162161089e+00,-4.739513202816192372e-01,-8.764422585761030282e-01,-1.333848411687286983e+01,-2.206740390798984208e+00,6.341225027706369477e-02,3.652937205155380729e-02,1.755096150797780807e-01
2.083712966268984890e-01,2.000000000000000000e+00,1.000000000000000000e+00,4.652411446268431977e-02,9.951582470108142342e-01,-5.771797401474937361e-01,8.808710739557579217e-01,-7.877309301060936633e-18,3.155708415399549160e+00,3.140429254746289534e+00,-6.552374770981328478e-01,-8.766061138003452546e-01,-1.321102532174693778e+01,-2.910488800743152638e+00,6.352119609233342068e-02,4.100585416923911708e-02,1.747233312134598704e-01
2.113649726428799003e-01,2.000000000000000000e+00,1.000000000000000000e+00,5.858313067199932833e-02,9.921348735450351564e-01,-7.374553695405678955e-01,8.837201901816936767e-01,-1.570382567016056387e-17,3.120104168241332854e+00,3.095564154405451518e+00,-8.344896696192335428e-01,-8.767696191351089796e-01,-1.304746311998810882e+01,-3.611689629824496706e+00,6.360155997653078874e-02,4.543461390750053175e-02,1.736794709339971043e-01
2.148307057433183620e-01,2.000000000000000000e+00,1.000000000000000000e+00,6.997224263471973904e-02,9.884337417080810706e-01,-8.969732688604716841e-01,8.871943234051817839e-01,7.821165804211568144e-18,3.075973071097423350e+00,3.040395572058123275e+00,-1.011022326447893249e+00,-8.769328047055532371e-01,-1.284768154393669448e+01,-4.309191547803187916e+00,6.365218247815948582e-02,4.979874143550203774e-02,1.723810521803277596e-01
2.188175391954269022e-01,2.000000000000000000e+00,1.000000000000000000e+00,8.054829259105754369e-02,9.840984543164496001e-01,-1.055403130407000178e+00,8.912680884468936471e-01,0.000000000000000000e+00,3.023178566536442347e+00,2.975105354451132555e+00,-1.184159002311105935e+00,-8.770955482221647337e-01,-1.261089842240664893e+01,-5.001592886160608487e+00,6.367155098608077990e-02,5.408147441906394765e-02,1.708324160377145129e-01
2.234010904261401753e-01,2.000000000000000000e+00,1.000000000000000000e+00,9.017356636537586512e-02,9.791818625775856599e-01,-1.212373391841881753e+00,8.959089365219112810e-01,1.549017678257643594e-17,2.961584992009650197e+00,2.899930308657832523e+00,-1.353232836976205666e+00,-8.772577811634291178e-01,-1.233628872668067800e+01,-5.687007407112723456e+00,6.365872368330795228e-02,5.826637726724014782e-02,1.690393215466671206e-01
2.285633887739145498e-01,2.000000000000000000e+00,1.000000000000000000e+00,9.871806438999893019e-02,9.737454763336328423e-01,-1.367471162935902873e+00,9.010767631844452952e-01,0.000000000000000000e+00,2.891064139716978509e+00,2.815160627839793595e+00,-1.517596745146549742e+00,-8.774194219802057271e-01,-1.202337442092917996e+01,-6.363808841264820160e+00,6.361244878215141507e-02,6.233741337765749679e-02,1.670088102227650917e-01
2.343896038844182628e-01,2.000000000000000000e+00,1.000000000000000000e+00,1.060613146292581355e-01,9.678589481038453179e-01,-1.520234691156915119e+00,9.067235002513156505e-01,4.591627261442312950e-17,2.811504097983477113e+00,2.721139398863938297e+00,-1.676624341086949466e+00,-8.775804531742750214e-01,-1.167145078273521364e+01,-7.029722962240199990e+00,6.353195629259422716e-02,6.627913003923535662e-02,1.647492672565936123e-01
2.408345121181730830e-01,2.000000000000000000e+00,1.000000000000000000e+00,1.120949180244559112e-01,9.615991032666335592e-01,-1.670154935592594203e+00,9.127928092496524481e-01,0.000000000000000000e+00,2.722819514009758635e+00,2.618260803028674921e+00,-1.829719645760049307e+00,-8.777407468426970949e-01,-1.128028357280788896e+01,-7.682643853835017467e+00,6.341614592495084524e-02,7.007672869592311560e-02,1.622702886428652180e-01
2.479890713183269257e-01,2.000000000000000000e+00,1.000000000000000000e+00,1.167245614641799489e-01,9.550490932015307521e-01,-1.816671025388393090e+00,9.192200451055544397e-01,3.019470230595518215e-17,2.624961448827116239e+00,2.506967051391313817e+00,-1.976317895874196040e+00,-8.779002705307300536e-01,-1.084951283417350965e+01,-8.319844188215121505e+00,6.326443577931116502e-02,7.371626102353454058e-02,1.595827114306700989e-01
2.558898613217691076e-01,2.000000000000000000e+00,1.000000000000000000e+00,1.198725898399739809e-01,9.482971094725130001e-01,-1.959173911753330000e+00,9.259323193089262771e-01,1.498790734313303260e-17,2.517929838041054857e+00,2.387745587268925274e+00,-2.115893214760629082e+00,-8.780589419678346275e-01,-1.037921925173340298e+01,-8.938815969733610700e+00,6.307612223157493814e-02,7.718467740475420946e-02,1.566984528449353598e-01
2.644872760206206097e-01,2.000000000000000000e+00,1.000000000000000000e+00,1.214802735605997192e-01,9.414350677086557040e-01,-2.097009049141084880e+00,9.328489045966819049e-01,-2.975355974462880416e-17,2.401785643065227127e+00,2.261125229500788869e+00,-2.247962171374075169e+00,-8.782166716609225432e-01,-9.869731935483940788e+00,-9.536735722484216637e+00,6.285067883199012273e-02,8.046998085800169398e-02,1.536304701521984117e-01
2.738224240554174571e-01,2.000000000000000000e+00,1.000000000000000000e+00,9.477039518883904057e-01,1.198243495540253223e-01,1.972019211412870288e+00,-1.497316983703249409e-17,9.268436783166063009e-01,-2.502983073272932568e+00,2.127671858316581677e+00,-2.372086950050506626e+00,-8.783734167234197310e-01,-1.122213615761481975e+01,-7.948356982400163417e+00,6.258782900271142591e-02,8.356131920242632072e-02,1.503926456798394262e-01
2.839436938764631768e-01,2.000000000000000000e+00,1.000000000000000000e+00,9.545041430502995139e-01,1.165862075387502639e-01,1.829747974285529155e+00,-1.507793723977910174e-17,9.204036060848979073e-01,-2.606463776468172178e+00,1.987984360544490237e+00,-2.487880473349399324e+00,-8.785290552864707392e-01,-1.166990560265391963e+01,-7.327346975766353410e+00,6.228727065371842536e-02,8.644904845864842535e-02,1.469996541003543711e-01
2.947788361849782435e-01,2.000000000000000000e+00,1.000000000000000000e+00,9.610417479825908993e-01,1.119517457486912809e-01,1.684775821003910989e+00,1.517854049533894373e-17,9.143031777051338072e-01,-2.700203278259655448e+00,1.842688357742159111e+00,-2.595008078446981337e+00,-8.786835240877793884e-01,-1.207558699672317459e+01,-6.695909238771491800e+00,6.194899463737243983e-02,8.912484448783658531e-02,1.434668645941631071e-01
3.064386039688131169e-01,2.000000000000000000e+00,1.000000000000000000e+00,9.672397219448504169e-01,1.060294535696997276e-01,1.537748357794741949e+00,-1.527376639360989628e-17,9.086028586649407268e-01,-2.784407738547703293e+00,1.692431784833076547e+00,-2.693189766813969932e+00,-8.788367763733734295e-01,-1.243980095666865537e+01,-6.056674811636789002e+00,6.157316533967532174e-02,9.158172974187281379e-02,1.398101851300829757e-01
3.187960926744959900e-01,2.000000000000000000e+00,1.000000000000000000e+00,9.730292445366200971e-01,9.893902484686202536e-02,1.389246936514670461e+00,3.072506770733497705e-17,9.033527893252728536e-01,-2.859321893334147546e+00,1.537878615011881500e+00,-2.782203821757943007e+00,-8.789886821472187028e-01,-1.276426992633726343e+01,-5.412385040535681924e+00,6.115990851706021997e-02,9.381411108698325951e-02,1.360459244394042477e-01
3.318673720057241372e-01,2.000000000000000000e+00,1.000000000000000000e+00,9.783503417378917044e-01,9.080841281879657723e-02,1.239792831846090015e+00,1.544390020338435424e-17,8.985934657084418964e-01,-2.925214395835637582e+00,1.379703813969590964e+00,-2.861884503822397008e+00,-8.791392242592906969e-01,-1.304926046339546275e+01,-4.765217334234584712e+00,6.070982313122241097e-02,9.581785568707926193e-02,1.321906710314421363e-01
3.442479411619174812e-01,2.000000000000000000e+00,1.000000000000000000e+00,1.000000000000000000e+00,3.805030817743926129e-23,1.616083261902337113e-42,0.000000000000000000e+00,-6.370841680306847766e-21,6.666666666666666963e+00,2.536687211829284086e-22,-6.666666666666666963e+00,-6.370841680306847766e-21,-1.358287753622316529e+01,-1.081881291313493421e-01,8.292980943853323766e-03,9.852364118631751211e-02,1.257740058492705926e-01
4.753557691032173071e-01,2.000000000000000000e+00,1.000000000000000000e+00,1.000000000000000000e+00,-1.137373342260412612e-23,3.538262997883127031e-45,0.000000000000000000e+00,4.666360903339609316e-23,6.666666666666666963e+00,-7.582488948402750552e-23,-6.666666666666666963e+00,4.666360903339609316e-23,-1.884290000000001442e+01,-5.040000000000048885e-01,8.184810083667722752e-03,9.850000194269732667e-02,1.245300587071686144e-01
5.892924867960218638e-01,2.000000000000000000e+00,1.000000000000000000e+00,1.000000000000000000e+00,-5.286201102096691750e-24,8.882429412470240302e-46,0.000000000000000000e+00,2.520457292746721214e-23,6.666666666666666963e+00,-3.524134068064461461e-23,-6.666666666666666963e+00,2.520457292746721214e-23,-1.979550000000006094e+01,-4.899000000000057753e-01,8.074992532048902785e-03,9.850000052708701714e-02,1.233023371946184582e-01
-1.000000000000000000e+00,-8.149036331000733893e-03,-9.999667960521869681e-01,-9.999999999999992228e-01,-3.553561057668282374e-08,0.000000000000000000e+00,0.000000000000000000e+00,0.000000000000000000e+00,0.000000000000000000e+00,0.000000000000000000e+00,0.000000000000000000e+00,0.000000000000000000e+00,0.000000000000000000e+00,0.000000000000000000e+00,0.000000000000000000e+00,0.000000000000000000e+00,0.000000000000000000e+00
2.210425529129477276e-02,2.000000000000000000e+00,1.000000000000000000e+00,-1.425636757834239198e-18,1.000000000000000000e+00,-1.645503537874471817e-35,-1.731335344187790086e-18,0.000000000000000000e+00,6.666666666666666963e+00,6.666666666666666963e+00,9.504245052228262092e-18,1.731335344187790086e-18,-5.852957447087021592e-01,-7.093779146316592232e-07,1.135756715664377071e-03,2.249999862255263466e-02,1.358497945622246794e-01
2.210425529129095984e-02,2.000000000000000000e+00,1.000000000000000000e+00,7.063933795249101114e-19,1.000000000000000000e+00,-1.061691774389632428e-34,2.254462892412045166e-17,0.000000000000000000e+00,6.666666666666666963e+00,6.666666666666666963e+00,-4.709289196832734333e-18,-2.254462892412045166e-17,-5.852957447087092646e-01,-7.093778862099497928e-07,1.034682262050792834e-03,2.364625210342450462e-02,1.358888079330962118e-01
2.210425529129927263e-02,2.000000000000000000e+00,1.000000000000000000e+00,-1.714033252551457384e-18,1.000000000000000000e+00,5.935132702510987732e-35,5.194006032563368138e-18,0.000000000000000000e+00,6.666666666666666963e+00,6.666666666666666963e+00,1.142688835034304897e-17,-5.194006032563368138e-18,-5.852957447087021592e-01,-7.093779075262318656e-07,9.425846351197921533e-04,2.469049064099741730e-02,1.358888002888005431e-01
2.210425529129140393e-02,2.000000000000000000e+00,1.000000000000000000e+00,-3.051666930638077976e-18,1.000000000000000000e+00,9.643260121550133412e-35,4.739996372835062386e-18,0.000000000000000000e+00,6.666666666666666963e+00,6.666666666666666963e+00,2.034444620425385318e-17,-4.739996372835062386e-18,-5.852957447087092646e-01,-7.093779075262318656e-07,8.473036565601368671e-04,2.577057248723561844e-02,1.358888070837300233e-01
2.210425529129723607e-02,2.000000000000000000e+00,1.000000000000000000e+00,5.775941784811805680e-18,1.000000000000000000e+00,-7.345142707061819626e-34,1.907518197216683439e-17,0.000000000000000000e+00,6.666666666666666963e+00,6.666666666666666963e+00,-3.850627856541203992e-17,-1.907518197216683439e-17,-5.852957447087021592e-01,-7.093779075262318656e-07,7.515562403081457905e-04,2.685571073084071225e-02,1.358888011381667316e-01
2.210425529129485950e-02,2.000000000000000000e+00,1.000000000000000000e+00,7.394846610894417340e-18,1.000000000000000000e+00,-4.272664043738385836e-34,8.666841116305996447e-18,0.000000000000000000e+00,6.666666666666666963e+00,6.666666666666666963e+00,-4.929897740596278227e-17,-8.666841116305996447e-18,-5.852957447087021592e-01,-7.093779004208045080e-07,6.577889451449668188e-04,2.791820832561575649e-02,1.358888005719225966e-01
2.210425529129484562e-02,2.000000000000000000e+00,1.000000000000000000e+00,-1.404356509062894635e-18,1.000000000000000000e+00,8.114223156465500509e-35,8.666841116305996447e-18,0.000000000000000000e+00,6.666666666666666963e+00,6.666666666666666963e+00,9.362376727085963978e-18,-8.666841116305996447e-18,-5.852957447087092646e-01,-7.093779217370865808e-07,5.680858602033139271e-04,2.893449181004126292e-02,1.358888053849976740e-01
-1.000000000000000000e+00,9.999999999999992228e-01,3.553561057668282374e-08,9.999999999999992228e-01,3.553561057668282374e-08,0.000000000000000000e+00,0.000000000000000000e+00,0.000000000000000000e+00,0.000000000000000000e+00,0.000000000000000000e+00,0.000000000000000000e+00,0.000000000000000000e+00,0.000000000000000000e+00,0.000000000000000000e+00,0.000000000000000000e+00,0.000000000000000000e+00,0.000000000000000000e+00
